id;start_demande;end_demande;status_demande
1;2022-10-07T14:29:38;2022-10-07T06:01:29;2022-10-07T05:56:51
2;2022-10-07T15:45:54;2022-10-07T19:25:35;2022-10-07T17:09:03
3;2022-10-08T00:23:57;2022-10-07T13:29:46;2022-10-07T05:33:45
4;2022-10-07T21:35:51;2022-10-07T18:25:31;2022-10-07T10:21:11
5;2022-10-08T00:49:39;2022-10-07T08:32:59;2022-10-07T03:53:06
6;2022-10-07T15:54:12;2022-10-07T18:45:22;2022-10-07T06:42:09
7;2022-10-07T19:13:48;2022-10-07T22:29:01;2022-10-07T06:26:29
8;2022-10-07T19:24:24;2022-10-07T16:52:22;2022-10-07T11:58:05
9;2022-10-07T04:54:05;2022-10-07T23:26:14;2022-10-07T23:55:17
10;2022-10-07T11:24:46;2022-10-07T21:02:17;2022-10-07T02:08:39
